{
    "images": [
        {
            "id": "image_1.jpeg",
            "file_name": "image_1.jpeg",
            "width": 0,
            "height": 0
        },
        {
            "id": "image_2.jpeg",
            "file_name": "image_2.jpeg",
            "width": 0,
            "height": 0
        },
        {
            "id": "image_3.jpeg",
            "file_name": "image_3.jpeg",
            "width": 0,
            "height": 0
        },
        {
            "id": "image_4.jpeg",
            "file_name": "image_4.jpeg",
            "width": 0,
            "height": 0
        },
        {
            "id": "image_5.jpeg",
            "file_name": "image_5.jpeg",
            "width": 0,
            "height": 0
        },
        {
            "id": "image_6.jpeg",
            "file_name": "image_6.jpeg",
            "width": 0,
            "height": 0
        },
        {
            "id": "image_7.jpg",
            "file_name": "image_7.jpg",
            "width": 0,
            "height": 0
        },
        {
            "id": "image_8.jpeg",
            "file_name": "image_8.jpeg",
            "width": 0,
            "height": 0
        },
        {
            "id": "image_9.jpg",
            "file_name": "image_9.jpg",
            "width": 0,
            "height": 0
        },
        {
            "id": "image_10.jpg",
            "file_name": "image_10.jpg",
            "width": 0,
            "height": 0
        },
        {
            "id": "image_11.jpeg",
            "file_name": "image_11.jpeg",
            "width": 0,
            "height": 0
        },
        {
            "id": "image_13.jpg",
            "file_name": "image_13.jpg",
            "width": 0,
            "height": 0
        },
        {
            "id": "image_14.jpg",
            "file_name": "image_14.jpg",
            "width": 0,
            "height": 0
        },
        {
            "id": "image_15.jpg",
            "file_name": "image_15.jpg",
            "width": 0,
            "height": 0
        },
        {
            "id": "image_16.jpg",
            "file_name": "image_16.jpg",
            "width": 0,
            "height": 0
        },
        {
            "id": "image_17.jpg",
            "file_name": "image_17.jpg",
            "width": 0,
            "height": 0
        },
        {
            "id": "image_18.jpg",
            "file_name": "image_18.jpg",
            "width": 0,
            "height": 0
        },
        {
            "id": "image_20.jpeg",
            "file_name": "image_20.jpeg",
            "width": 0,
            "height": 0
        },
        {
            "id": "image_21.jpeg",
            "file_name": "image_21.jpeg",
            "width": 0,
            "height": 0
        },
        {
            "id": "image_22.jpeg",
            "file_name": "image_22.jpeg",
            "width": 0,
            "height": 0
        },
        {
            "id": "image_23.jpeg",
            "file_name": "image_23.jpeg",
            "width": 0,
            "height": 0
        },
        {
            "id": "image_25.jpeg",
            "file_name": "image_25.jpeg",
            "width": 0,
            "height": 0
        },
        {
            "id": "image_26.jpg",
            "file_name": "image_26.jpg",
            "width": 0,
            "height": 0
        },
        {
            "id": "image_27.jpg",
            "file_name": "image_27.jpg",
            "width": 0,
            "height": 0
        },
        {
            "id": "image_28.jpg",
            "file_name": "image_28.jpg",
            "width": 0,
            "height": 0
        },
        {
            "id": "image_29.jpg",
            "file_name": "image_29.jpg",
            "width": 0,
            "height": 0
        },
        {
            "id": "image_30.jpg",
            "file_name": "image_30.jpg",
            "width": 0,
            "height": 0
        },
        {
            "id": "image_31.jpg",
            "file_name": "image_31.jpg",
            "width": 0,
            "height": 0
        },
        {
            "id": "image_32.jpg",
            "file_name": "image_32.jpg",
            "width": 0,
            "height": 0
        },
        {
            "id": "image_33.jpg",
            "file_name": "image_33.jpg",
            "width": 0,
            "height": 0
        },
        {
            "id": "image_34.jpg",
            "file_name": "image_34.jpg",
            "width": 0,
            "height": 0
        },
        {
            "id": "image_35.jpeg",
            "file_name": "image_35.jpeg",
            "width": 0,
            "height": 0
        },
        {
            "id": "image_36.jpeg",
            "file_name": "image_36.jpeg",
            "width": 0,
            "height": 0
        },
        {
            "id": "image_37.jpg",
            "file_name": "image_37.jpg",
            "width": 0,
            "height": 0
        },
        {
            "id": "image_38.jpg",
            "file_name": "image_38.jpg",
            "width": 0,
            "height": 0
        },
        {
            "id": "image_39.jpg",
            "file_name": "image_39.jpg",
            "width": 0,
            "height": 0
        },
        {
            "id": "image_40.jpg",
            "file_name": "image_40.jpg",
            "width": 0,
            "height": 0
        },
        {
            "id": "image_41.jpeg",
            "file_name": "image_41.jpeg",
            "width": 0,
            "height": 0
        },
        {
            "id": "image_45.jpg",
            "file_name": "image_45.jpg",
            "width": 0,
            "height": 0
        },
        {
            "id": "image_46.jpg",
            "file_name": "image_46.jpg",
            "width": 0,
            "height": 0
        },
        {
            "id": "image_47.jpg",
            "file_name": "image_47.jpg",
            "width": 0,
            "height": 0
        },
        {
            "id": "image_48.jpg",
            "file_name": "image_48.jpg",
            "width": 0,
            "height": 0
        },
        {
            "id": "image_50.jpg",
            "file_name": "image_50.jpg",
            "width": 0,
            "height": 0
        },
        {
            "id": "image_52.jpg",
            "file_name": "image_52.jpg",
            "width": 0,
            "height": 0
        },
        {
            "id": "image_53.jpg",
            "file_name": "image_53.jpg",
            "width": 0,
            "height": 0
        },
        {
            "id": "image_54.jpg",
            "file_name": "image_54.jpg",
            "width": 0,
            "height": 0
        },
        {
            "id": "image_56.jpg",
            "file_name": "image_56.jpg",
            "width": 0,
            "height": 0
        }
    ],
    "annotations": [
        {
            "id": 1,
            "image_id": "image_1.jpeg",
            "category_id": 1,
            "bbox": [
                0,
                0,
                0,
                0
            ],
            "area": 0,
            "iscrowd": 0
        },
        {
            "id": 2,
            "image_id": "image_1.jpeg",
            "category_id": 2,
            "bbox": [
                0,
                0,
                0,
                0
            ],
            "area": 0,
            "iscrowd": 0
        },
        {
            "id": 3,
            "image_id": "image_1.jpeg",
            "category_id": 3,
            "bbox": [
                0,
                0,
                0,
                0
            ],
            "area": 0,
            "iscrowd": 0
        },
        {
            "id": 4,
            "image_id": "image_1.jpeg",
            "category_id": 4,
            "bbox": [
                0,
                0,
                0,
                0
            ],
            "area": 0,
            "iscrowd": 0
        },
        {
            "id": 5,
            "image_id": "image_1.jpeg",
            "category_id": 5,
            "bbox": [
                0,
                0,
                0,
                0
            ],
            "area": 0,
            "iscrowd": 0
        },
        {
            "id": 6,
            "image_id": "image_1.jpeg",
            "category_id": 6,
            "bbox": [
                0,
                0,
                0,
                0
            ],
            "area": 0,
            "iscrowd": 0
        },
        {
            "id": 7,
            "image_id": "image_3.jpeg",
            "category_id": 7,
            "bbox": [
                0,
                0,
                0,
                0
            ],
            "area": 0,
            "iscrowd": 0
        },
        {
            "id": 8,
            "image_id": "image_3.jpeg",
            "category_id": 8,
            "bbox": [
                0,
                0,
                0,
                0
            ],
            "area": 0,
            "iscrowd": 0
        },
        {
            "id": 9,
            "image_id": "image_3.jpeg",
            "category_id": 9,
            "bbox": [
                0,
                0,
                0,
                0
            ],
            "area": 0,
            "iscrowd": 0
        },
        {
            "id": 10,
            "image_id": "image_3.jpeg",
            "category_id": 10,
            "bbox": [
                0,
                0,
                0,
                0
            ],
            "area": 0,
            "iscrowd": 0
        },
        {
            "id": 11,
            "image_id": "image_3.jpeg",
            "category_id": 11,
            "bbox": [
                0,
                0,
                0,
                0
            ],
            "area": 0,
            "iscrowd": 0
        },
        {
            "id": 12,
            "image_id": "image_3.jpeg",
            "category_id": 12,
            "bbox": [
                0,
                0,
                0,
                0
            ],
            "area": 0,
            "iscrowd": 0
        },
        {
            "id": 13,
            "image_id": "image_3.jpeg",
            "category_id": 13,
            "bbox": [
                0,
                0,
                0,
                0
            ],
            "area": 0,
            "iscrowd": 0
        },
        {
            "id": 14,
            "image_id": "image_3.jpeg",
            "category_id": 14,
            "bbox": [
                0,
                0,
                0,
                0
            ],
            "area": 0,
            "iscrowd": 0
        },
        {
            "id": 15,
            "image_id": "image_3.jpeg",
            "category_id": 15,
            "bbox": [
                0,
                0,
                0,
                0
            ],
            "area": 0,
            "iscrowd": 0
        },
        {
            "id": 16,
            "image_id": "image_6.jpeg",
            "category_id": 16,
            "bbox": [
                0,
                0,
                0,
                0
            ],
            "area": 0,
            "iscrowd": 0
        },
        {
            "id": 17,
            "image_id": "image_6.jpeg",
            "category_id": 17,
            "bbox": [
                0,
                0,
                0,
                0
            ],
            "area": 0,
            "iscrowd": 0
        },
        {
            "id": 18,
            "image_id": "image_6.jpeg",
            "category_id": 16,
            "bbox": [
                0,
                0,
                0,
                0
            ],
            "area": 0,
            "iscrowd": 0
        },
        {
            "id": 19,
            "image_id": "image_6.jpeg",
            "category_id": 18,
            "bbox": [
                0,
                0,
                0,
                0
            ],
            "area": 0,
            "iscrowd": 0
        },
        {
            "id": 20,
            "image_id": "image_6.jpeg",
            "category_id": 19,
            "bbox": [
                0,
                0,
                0,
                0
            ],
            "area": 0,
            "iscrowd": 0
        },
        {
            "id": 21,
            "image_id": "image_6.jpeg",
            "category_id": 18,
            "bbox": [
                0,
                0,
                0,
                0
            ],
            "area": 0,
            "iscrowd": 0
        },
        {
            "id": 22,
            "image_id": "image_6.jpeg",
            "category_id": 19,
            "bbox": [
                0,
                0,
                0,
                0
            ],
            "area": 0,
            "iscrowd": 0
        },
        {
            "id": 23,
            "image_id": "image_6.jpeg",
            "category_id": 16,
            "bbox": [
                0,
                0,
                0,
                0
            ],
            "area": 0,
            "iscrowd": 0
        },
        {
            "id": 24,
            "image_id": "image_6.jpeg",
            "category_id": 17,
            "bbox": [
                0,
                0,
                0,
                0
            ],
            "area": 0,
            "iscrowd": 0
        },
        {
            "id": 25,
            "image_id": "image_7.jpg",
            "category_id": 20,
            "bbox": [
                0,
                0,
                0,
                0
            ],
            "area": 0,
            "iscrowd": 0
        },
        {
            "id": 26,
            "image_id": "image_8.jpeg",
            "category_id": 19,
            "bbox": [
                0,
                0,
                0,
                0
            ],
            "area": 0,
            "iscrowd": 0
        },
        {
            "id": 27,
            "image_id": "image_8.jpeg",
            "category_id": 18,
            "bbox": [
                0,
                0,
                0,
                0
            ],
            "area": 0,
            "iscrowd": 0
        },
        {
            "id": 28,
            "image_id": "image_8.jpeg",
            "category_id": 19,
            "bbox": [
                0,
                0,
                0,
                0
            ],
            "area": 0,
            "iscrowd": 0
        },
        {
            "id": 29,
            "image_id": "image_8.jpeg",
            "category_id": 19,
            "bbox": [
                0,
                0,
                0,
                0
            ],
            "area": 0,
            "iscrowd": 0
        },
        {
            "id": 30,
            "image_id": "image_9.jpg",
            "category_id": 21,
            "bbox": [
                0,
                0,
                0,
                0
            ],
            "area": 0,
            "iscrowd": 0
        },
        {
            "id": 31,
            "image_id": "image_10.jpg",
            "category_id": 7,
            "bbox": [
                0,
                0,
                0,
                0
            ],
            "area": 0,
            "iscrowd": 0
        },
        {
            "id": 32,
            "image_id": "image_11.jpeg",
            "category_id": 8,
            "bbox": [
                0,
                0,
                0,
                0
            ],
            "area": 0,
            "iscrowd": 0
        },
        {
            "id": 33,
            "image_id": "image_11.jpeg",
            "category_id": 22,
            "bbox": [
                0,
                0,
                0,
                0
            ],
            "area": 0,
            "iscrowd": 0
        },
        {
            "id": 34,
            "image_id": "image_11.jpeg",
            "category_id": 23,
            "bbox": [
                0,
                0,
                0,
                0
            ],
            "area": 0,
            "iscrowd": 0
        },
        {
            "id": 35,
            "image_id": "image_11.jpeg",
            "category_id": 5,
            "bbox": [
                0,
                0,
                0,
                0
            ],
            "area": 0,
            "iscrowd": 0
        },
        {
            "id": 36,
            "image_id": "image_11.jpeg",
            "category_id": 15,
            "bbox": [
                0,
                0,
                0,
                0
            ],
            "area": 0,
            "iscrowd": 0
        },
        {
            "id": 37,
            "image_id": "image_11.jpeg",
            "category_id": 24,
            "bbox": [
                0,
                0,
                0,
                0
            ],
            "area": 0,
            "iscrowd": 0
        },
        {
            "id": 38,
            "image_id": "image_13.jpg",
            "category_id": 25,
            "bbox": [
                0,
                0,
                0,
                0
            ],
            "area": 0,
            "iscrowd": 0
        },
        {
            "id": 39,
            "image_id": "image_14.jpg",
            "category_id": 26,
            "bbox": [
                0,
                0,
                0,
                0
            ],
            "area": 0,
            "iscrowd": 0
        },
        {
            "id": 40,
            "image_id": "image_15.jpg",
            "category_id": 27,
            "bbox": [
                0,
                0,
                0,
                0
            ],
            "area": 0,
            "iscrowd": 0
        },
        {
            "id": 41,
            "image_id": "image_16.jpg",
            "category_id": 28,
            "bbox": [
                0,
                0,
                0,
                0
            ],
            "area": 0,
            "iscrowd": 0
        },
        {
            "id": 42,
            "image_id": "image_16.jpg",
            "category_id": 28,
            "bbox": [
                0,
                0,
                0,
                0
            ],
            "area": 0,
            "iscrowd": 0
        },
        {
            "id": 43,
            "image_id": "image_16.jpg",
            "category_id": 28,
            "bbox": [
                0,
                0,
                0,
                0
            ],
            "area": 0,
            "iscrowd": 0
        },
        {
            "id": 44,
            "image_id": "image_16.jpg",
            "category_id": 28,
            "bbox": [
                0,
                0,
                0,
                0
            ],
            "area": 0,
            "iscrowd": 0
        },
        {
            "id": 45,
            "image_id": "image_17.jpg",
            "category_id": 29,
            "bbox": [
                0,
                0,
                0,
                0
            ],
            "area": 0,
            "iscrowd": 0
        },
        {
            "id": 46,
            "image_id": "image_18.jpg",
            "category_id": 30,
            "bbox": [
                0,
                0,
                0,
                0
            ],
            "area": 0,
            "iscrowd": 0
        },
        {
            "id": 47,
            "image_id": "image_18.jpg",
            "category_id": 25,
            "bbox": [
                0,
                0,
                0,
                0
            ],
            "area": 0,
            "iscrowd": 0
        },
        {
            "id": 48,
            "image_id": "image_18.jpg",
            "category_id": 25,
            "bbox": [
                0,
                0,
                0,
                0
            ],
            "area": 0,
            "iscrowd": 0
        },
        {
            "id": 49,
            "image_id": "image_20.jpeg",
            "category_id": 31,
            "bbox": [
                0,
                0,
                0,
                0
            ],
            "area": 0,
            "iscrowd": 0
        },
        {
            "id": 50,
            "image_id": "image_20.jpeg",
            "category_id": 32,
            "bbox": [
                0,
                0,
                0,
                0
            ],
            "area": 0,
            "iscrowd": 0
        },
        {
            "id": 51,
            "image_id": "image_20.jpeg",
            "category_id": 15,
            "bbox": [
                0,
                0,
                0,
                0
            ],
            "area": 0,
            "iscrowd": 0
        },
        {
            "id": 52,
            "image_id": "image_20.jpeg",
            "category_id": 33,
            "bbox": [
                0,
                0,
                0,
                0
            ],
            "area": 0,
            "iscrowd": 0
        },
        {
            "id": 53,
            "image_id": "image_20.jpeg",
            "category_id": 34,
            "bbox": [
                0,
                0,
                0,
                0
            ],
            "area": 0,
            "iscrowd": 0
        },
        {
            "id": 54,
            "image_id": "image_20.jpeg",
            "category_id": 11,
            "bbox": [
                0,
                0,
                0,
                0
            ],
            "area": 0,
            "iscrowd": 0
        },
        {
            "id": 55,
            "image_id": "image_21.jpeg",
            "category_id": 11,
            "bbox": [
                0,
                0,
                0,
                0
            ],
            "area": 0,
            "iscrowd": 0
        },
        {
            "id": 56,
            "image_id": "image_21.jpeg",
            "category_id": 35,
            "bbox": [
                0,
                0,
                0,
                0
            ],
            "area": 0,
            "iscrowd": 0
        },
        {
            "id": 57,
            "image_id": "image_21.jpeg",
            "category_id": 36,
            "bbox": [
                0,
                0,
                0,
                0
            ],
            "area": 0,
            "iscrowd": 0
        },
        {
            "id": 58,
            "image_id": "image_22.jpeg",
            "category_id": 37,
            "bbox": [
                0,
                0,
                0,
                0
            ],
            "area": 0,
            "iscrowd": 0
        },
        {
            "id": 59,
            "image_id": "image_22.jpeg",
            "category_id": 11,
            "bbox": [
                0,
                0,
                0,
                0
            ],
            "area": 0,
            "iscrowd": 0
        },
        {
            "id": 60,
            "image_id": "image_22.jpeg",
            "category_id": 32,
            "bbox": [
                0,
                0,
                0,
                0
            ],
            "area": 0,
            "iscrowd": 0
        },
        {
            "id": 61,
            "image_id": "image_22.jpeg",
            "category_id": 38,
            "bbox": [
                0,
                0,
                0,
                0
            ],
            "area": 0,
            "iscrowd": 0
        },
        {
            "id": 62,
            "image_id": "image_22.jpeg",
            "category_id": 7,
            "bbox": [
                0,
                0,
                0,
                0
            ],
            "area": 0,
            "iscrowd": 0
        },
        {
            "id": 63,
            "image_id": "image_22.jpeg",
            "category_id": 39,
            "bbox": [
                0,
                0,
                0,
                0
            ],
            "area": 0,
            "iscrowd": 0
        },
        {
            "id": 64,
            "image_id": "image_23.jpeg",
            "category_id": 23,
            "bbox": [
                0,
                0,
                0,
                0
            ],
            "area": 0,
            "iscrowd": 0
        },
        {
            "id": 65,
            "image_id": "image_23.jpeg",
            "category_id": 23,
            "bbox": [
                0,
                0,
                0,
                0
            ],
            "area": 0,
            "iscrowd": 0
        },
        {
            "id": 66,
            "image_id": "image_23.jpeg",
            "category_id": 13,
            "bbox": [
                0,
                0,
                0,
                0
            ],
            "area": 0,
            "iscrowd": 0
        },
        {
            "id": 67,
            "image_id": "image_23.jpeg",
            "category_id": 23,
            "bbox": [
                0,
                0,
                0,
                0
            ],
            "area": 0,
            "iscrowd": 0
        },
        {
            "id": 68,
            "image_id": "image_23.jpeg",
            "category_id": 23,
            "bbox": [
                0,
                0,
                0,
                0
            ],
            "area": 0,
            "iscrowd": 0
        },
        {
            "id": 69,
            "image_id": "image_23.jpeg",
            "category_id": 40,
            "bbox": [
                0,
                0,
                0,
                0
            ],
            "area": 0,
            "iscrowd": 0
        },
        {
            "id": 70,
            "image_id": "image_23.jpeg",
            "category_id": 41,
            "bbox": [
                0,
                0,
                0,
                0
            ],
            "area": 0,
            "iscrowd": 0
        },
        {
            "id": 71,
            "image_id": "image_25.jpeg",
            "category_id": 42,
            "bbox": [
                0,
                0,
                0,
                0
            ],
            "area": 0,
            "iscrowd": 0
        },
        {
            "id": 72,
            "image_id": "image_25.jpeg",
            "category_id": 3,
            "bbox": [
                0,
                0,
                0,
                0
            ],
            "area": 0,
            "iscrowd": 0
        },
        {
            "id": 73,
            "image_id": "image_25.jpeg",
            "category_id": 43,
            "bbox": [
                0,
                0,
                0,
                0
            ],
            "area": 0,
            "iscrowd": 0
        },
        {
            "id": 74,
            "image_id": "image_25.jpeg",
            "category_id": 25,
            "bbox": [
                0,
                0,
                0,
                0
            ],
            "area": 0,
            "iscrowd": 0
        },
        {
            "id": 75,
            "image_id": "image_25.jpeg",
            "category_id": 44,
            "bbox": [
                0,
                0,
                0,
                0
            ],
            "area": 0,
            "iscrowd": 0
        },
        {
            "id": 76,
            "image_id": "image_25.jpeg",
            "category_id": 20,
            "bbox": [
                0,
                0,
                0,
                0
            ],
            "area": 0,
            "iscrowd": 0
        },
        {
            "id": 77,
            "image_id": "image_25.jpeg",
            "category_id": 45,
            "bbox": [
                0,
                0,
                0,
                0
            ],
            "area": 0,
            "iscrowd": 0
        },
        {
            "id": 78,
            "image_id": "image_25.jpeg",
            "category_id": 46,
            "bbox": [
                0,
                0,
                0,
                0
            ],
            "area": 0,
            "iscrowd": 0
        },
        {
            "id": 79,
            "image_id": "image_25.jpeg",
            "category_id": 11,
            "bbox": [
                0,
                0,
                0,
                0
            ],
            "area": 0,
            "iscrowd": 0
        },
        {
            "id": 80,
            "image_id": "image_25.jpeg",
            "category_id": 27,
            "bbox": [
                0,
                0,
                0,
                0
            ],
            "area": 0,
            "iscrowd": 0
        },
        {
            "id": 81,
            "image_id": "image_25.jpeg",
            "category_id": 15,
            "bbox": [
                0,
                0,
                0,
                0
            ],
            "area": 0,
            "iscrowd": 0
        },
        {
            "id": 82,
            "image_id": "image_26.jpg",
            "category_id": 47,
            "bbox": [
                0,
                0,
                0,
                0
            ],
            "area": 0,
            "iscrowd": 0
        },
        {
            "id": 83,
            "image_id": "image_27.jpg",
            "category_id": 20,
            "bbox": [
                0,
                0,
                0,
                0
            ],
            "area": 0,
            "iscrowd": 0
        },
        {
            "id": 84,
            "image_id": "image_28.jpg",
            "category_id": 33,
            "bbox": [
                0,
                0,
                0,
                0
            ],
            "area": 0,
            "iscrowd": 0
        },
        {
            "id": 85,
            "image_id": "image_29.jpg",
            "category_id": 48,
            "bbox": [
                0,
                0,
                0,
                0
            ],
            "area": 0,
            "iscrowd": 0
        },
        {
            "id": 86,
            "image_id": "image_29.jpg",
            "category_id": 49,
            "bbox": [
                0,
                0,
                0,
                0
            ],
            "area": 0,
            "iscrowd": 0
        },
        {
            "id": 87,
            "image_id": "image_30.jpg",
            "category_id": 32,
            "bbox": [
                0,
                0,
                0,
                0
            ],
            "area": 0,
            "iscrowd": 0
        },
        {
            "id": 88,
            "image_id": "image_31.jpg",
            "category_id": 50,
            "bbox": [
                0,
                0,
                0,
                0
            ],
            "area": 0,
            "iscrowd": 0
        },
        {
            "id": 89,
            "image_id": "image_32.jpg",
            "category_id": 41,
            "bbox": [
                0,
                0,
                0,
                0
            ],
            "area": 0,
            "iscrowd": 0
        },
        {
            "id": 90,
            "image_id": "image_33.jpg",
            "category_id": 41,
            "bbox": [
                0,
                0,
                0,
                0
            ],
            "area": 0,
            "iscrowd": 0
        },
        {
            "id": 91,
            "image_id": "image_34.jpg",
            "category_id": 41,
            "bbox": [
                0,
                0,
                0,
                0
            ],
            "area": 0,
            "iscrowd": 0
        },
        {
            "id": 92,
            "image_id": "image_34.jpg",
            "category_id": 41,
            "bbox": [
                0,
                0,
                0,
                0
            ],
            "area": 0,
            "iscrowd": 0
        },
        {
            "id": 93,
            "image_id": "image_35.jpeg",
            "category_id": 5,
            "bbox": [
                0,
                0,
                0,
                0
            ],
            "area": 0,
            "iscrowd": 0
        },
        {
            "id": 94,
            "image_id": "image_35.jpeg",
            "category_id": 11,
            "bbox": [
                0,
                0,
                0,
                0
            ],
            "area": 0,
            "iscrowd": 0
        },
        {
            "id": 95,
            "image_id": "image_35.jpeg",
            "category_id": 51,
            "bbox": [
                0,
                0,
                0,
                0
            ],
            "area": 0,
            "iscrowd": 0
        },
        {
            "id": 96,
            "image_id": "image_35.jpeg",
            "category_id": 52,
            "bbox": [
                0,
                0,
                0,
                0
            ],
            "area": 0,
            "iscrowd": 0
        },
        {
            "id": 97,
            "image_id": "image_35.jpeg",
            "category_id": 32,
            "bbox": [
                0,
                0,
                0,
                0
            ],
            "area": 0,
            "iscrowd": 0
        },
        {
            "id": 98,
            "image_id": "image_35.jpeg",
            "category_id": 50,
            "bbox": [
                0,
                0,
                0,
                0
            ],
            "area": 0,
            "iscrowd": 0
        },
        {
            "id": 99,
            "image_id": "image_35.jpeg",
            "category_id": 53,
            "bbox": [
                0,
                0,
                0,
                0
            ],
            "area": 0,
            "iscrowd": 0
        },
        {
            "id": 100,
            "image_id": "image_35.jpeg",
            "category_id": 54,
            "bbox": [
                0,
                0,
                0,
                0
            ],
            "area": 0,
            "iscrowd": 0
        },
        {
            "id": 101,
            "image_id": "image_35.jpeg",
            "category_id": 41,
            "bbox": [
                0,
                0,
                0,
                0
            ],
            "area": 0,
            "iscrowd": 0
        },
        {
            "id": 102,
            "image_id": "image_35.jpeg",
            "category_id": 15,
            "bbox": [
                0,
                0,
                0,
                0
            ],
            "area": 0,
            "iscrowd": 0
        },
        {
            "id": 103,
            "image_id": "image_35.jpeg",
            "category_id": 20,
            "bbox": [
                0,
                0,
                0,
                0
            ],
            "area": 0,
            "iscrowd": 0
        },
        {
            "id": 104,
            "image_id": "image_35.jpeg",
            "category_id": 55,
            "bbox": [
                0,
                0,
                0,
                0
            ],
            "area": 0,
            "iscrowd": 0
        },
        {
            "id": 105,
            "image_id": "image_35.jpeg",
            "category_id": 37,
            "bbox": [
                0,
                0,
                0,
                0
            ],
            "area": 0,
            "iscrowd": 0
        },
        {
            "id": 106,
            "image_id": "image_35.jpeg",
            "category_id": 56,
            "bbox": [
                0,
                0,
                0,
                0
            ],
            "area": 0,
            "iscrowd": 0
        },
        {
            "id": 107,
            "image_id": "image_36.jpeg",
            "category_id": 57,
            "bbox": [
                0,
                0,
                0,
                0
            ],
            "area": 0,
            "iscrowd": 0
        },
        {
            "id": 108,
            "image_id": "image_36.jpeg",
            "category_id": 58,
            "bbox": [
                0,
                0,
                0,
                0
            ],
            "area": 0,
            "iscrowd": 0
        },
        {
            "id": 109,
            "image_id": "image_36.jpeg",
            "category_id": 59,
            "bbox": [
                0,
                0,
                0,
                0
            ],
            "area": 0,
            "iscrowd": 0
        },
        {
            "id": 110,
            "image_id": "image_36.jpeg",
            "category_id": 60,
            "bbox": [
                0,
                0,
                0,
                0
            ],
            "area": 0,
            "iscrowd": 0
        },
        {
            "id": 111,
            "image_id": "image_37.jpg",
            "category_id": 5,
            "bbox": [
                0,
                0,
                0,
                0
            ],
            "area": 0,
            "iscrowd": 0
        },
        {
            "id": 112,
            "image_id": "image_37.jpg",
            "category_id": 5,
            "bbox": [
                0,
                0,
                0,
                0
            ],
            "area": 0,
            "iscrowd": 0
        },
        {
            "id": 113,
            "image_id": "image_38.jpg",
            "category_id": 1,
            "bbox": [
                0,
                0,
                0,
                0
            ],
            "area": 0,
            "iscrowd": 0
        },
        {
            "id": 114,
            "image_id": "image_38.jpg",
            "category_id": 1,
            "bbox": [
                0,
                0,
                0,
                0
            ],
            "area": 0,
            "iscrowd": 0
        },
        {
            "id": 115,
            "image_id": "image_39.jpg",
            "category_id": 61,
            "bbox": [
                0,
                0,
                0,
                0
            ],
            "area": 0,
            "iscrowd": 0
        },
        {
            "id": 116,
            "image_id": "image_40.jpg",
            "category_id": 19,
            "bbox": [
                0,
                0,
                0,
                0
            ],
            "area": 0,
            "iscrowd": 0
        },
        {
            "id": 117,
            "image_id": "image_41.jpeg",
            "category_id": 1,
            "bbox": [
                0,
                0,
                0,
                0
            ],
            "area": 0,
            "iscrowd": 0
        },
        {
            "id": 118,
            "image_id": "image_41.jpeg",
            "category_id": 35,
            "bbox": [
                0,
                0,
                0,
                0
            ],
            "area": 0,
            "iscrowd": 0
        },
        {
            "id": 119,
            "image_id": "image_41.jpeg",
            "category_id": 15,
            "bbox": [
                0,
                0,
                0,
                0
            ],
            "area": 0,
            "iscrowd": 0
        },
        {
            "id": 120,
            "image_id": "image_41.jpeg",
            "category_id": 62,
            "bbox": [
                0,
                0,
                0,
                0
            ],
            "area": 0,
            "iscrowd": 0
        },
        {
            "id": 121,
            "image_id": "image_41.jpeg",
            "category_id": 63,
            "bbox": [
                0,
                0,
                0,
                0
            ],
            "area": 0,
            "iscrowd": 0
        },
        {
            "id": 122,
            "image_id": "image_41.jpeg",
            "category_id": 64,
            "bbox": [
                0,
                0,
                0,
                0
            ],
            "area": 0,
            "iscrowd": 0
        },
        {
            "id": 123,
            "image_id": "image_41.jpeg",
            "category_id": 64,
            "bbox": [
                0,
                0,
                0,
                0
            ],
            "area": 0,
            "iscrowd": 0
        },
        {
            "id": 124,
            "image_id": "image_41.jpeg",
            "category_id": 64,
            "bbox": [
                0,
                0,
                0,
                0
            ],
            "area": 0,
            "iscrowd": 0
        },
        {
            "id": 125,
            "image_id": "image_45.jpg",
            "category_id": 20,
            "bbox": [
                0,
                0,
                0,
                0
            ],
            "area": 0,
            "iscrowd": 0
        },
        {
            "id": 126,
            "image_id": "image_46.jpg",
            "category_id": 61,
            "bbox": [
                0,
                0,
                0,
                0
            ],
            "area": 0,
            "iscrowd": 0
        },
        {
            "id": 127,
            "image_id": "image_47.jpg",
            "category_id": 6,
            "bbox": [
                0,
                0,
                0,
                0
            ],
            "area": 0,
            "iscrowd": 0
        },
        {
            "id": 128,
            "image_id": "image_47.jpg",
            "category_id": 4,
            "bbox": [
                0,
                0,
                0,
                0
            ],
            "area": 0,
            "iscrowd": 0
        },
        {
            "id": 129,
            "image_id": "image_47.jpg",
            "category_id": 65,
            "bbox": [
                0,
                0,
                0,
                0
            ],
            "area": 0,
            "iscrowd": 0
        },
        {
            "id": 130,
            "image_id": "image_47.jpg",
            "category_id": 7,
            "bbox": [
                0,
                0,
                0,
                0
            ],
            "area": 0,
            "iscrowd": 0
        },
        {
            "id": 131,
            "image_id": "image_47.jpg",
            "category_id": 66,
            "bbox": [
                0,
                0,
                0,
                0
            ],
            "area": 0,
            "iscrowd": 0
        },
        {
            "id": 132,
            "image_id": "image_47.jpg",
            "category_id": 67,
            "bbox": [
                0,
                0,
                0,
                0
            ],
            "area": 0,
            "iscrowd": 0
        },
        {
            "id": 133,
            "image_id": "image_48.jpg",
            "category_id": 68,
            "bbox": [
                0,
                0,
                0,
                0
            ],
            "area": 0,
            "iscrowd": 0
        },
        {
            "id": 134,
            "image_id": "image_48.jpg",
            "category_id": 69,
            "bbox": [
                0,
                0,
                0,
                0
            ],
            "area": 0,
            "iscrowd": 0
        },
        {
            "id": 135,
            "image_id": "image_48.jpg",
            "category_id": 70,
            "bbox": [
                0,
                0,
                0,
                0
            ],
            "area": 0,
            "iscrowd": 0
        },
        {
            "id": 136,
            "image_id": "image_48.jpg",
            "category_id": 71,
            "bbox": [
                0,
                0,
                0,
                0
            ],
            "area": 0,
            "iscrowd": 0
        },
        {
            "id": 137,
            "image_id": "image_48.jpg",
            "category_id": 72,
            "bbox": [
                0,
                0,
                0,
                0
            ],
            "area": 0,
            "iscrowd": 0
        },
        {
            "id": 138,
            "image_id": "image_48.jpg",
            "category_id": 73,
            "bbox": [
                0,
                0,
                0,
                0
            ],
            "area": 0,
            "iscrowd": 0
        },
        {
            "id": 139,
            "image_id": "image_50.jpg",
            "category_id": 15,
            "bbox": [
                0,
                0,
                0,
                0
            ],
            "area": 0,
            "iscrowd": 0
        },
        {
            "id": 140,
            "image_id": "image_50.jpg",
            "category_id": 74,
            "bbox": [
                0,
                0,
                0,
                0
            ],
            "area": 0,
            "iscrowd": 0
        },
        {
            "id": 141,
            "image_id": "image_52.jpg",
            "category_id": 37,
            "bbox": [
                0,
                0,
                0,
                0
            ],
            "area": 0,
            "iscrowd": 0
        },
        {
            "id": 142,
            "image_id": "image_53.jpg",
            "category_id": 60,
            "bbox": [
                0,
                0,
                0,
                0
            ],
            "area": 0,
            "iscrowd": 0
        },
        {
            "id": 143,
            "image_id": "image_54.jpg",
            "category_id": 75,
            "bbox": [
                0,
                0,
                0,
                0
            ],
            "area": 0,
            "iscrowd": 0
        },
        {
            "id": 144,
            "image_id": "image_54.jpg",
            "category_id": 18,
            "bbox": [
                0,
                0,
                0,
                0
            ],
            "area": 0,
            "iscrowd": 0
        },
        {
            "id": 145,
            "image_id": "image_54.jpg",
            "category_id": 34,
            "bbox": [
                0,
                0,
                0,
                0
            ],
            "area": 0,
            "iscrowd": 0
        },
        {
            "id": 146,
            "image_id": "image_54.jpg",
            "category_id": 76,
            "bbox": [
                0,
                0,
                0,
                0
            ],
            "area": 0,
            "iscrowd": 0
        },
        {
            "id": 147,
            "image_id": "image_56.jpg",
            "category_id": 77,
            "bbox": [
                0,
                0,
                0,
                0
            ],
            "area": 0,
            "iscrowd": 0
        }
    ],
    "categories": [
        {
            "id": 1,
            "name": "Parrot ",
            "supercategory": "animal"
        },
        {
            "id": 2,
            "name": "Sbake",
            "supercategory": "animal"
        },
        {
            "id": 3,
            "name": "Owl",
            "supercategory": "bird"
        },
        {
            "id": 4,
            "name": "Duck",
            "supercategory": "bird"
        },
        {
            "id": 5,
            "name": "Elephant",
            "supercategory": "animal"
        },
        {
            "id": 6,
            "name": "Chicken",
            "supercategory": "bird"
        },
        {
            "id": 7,
            "name": "Parrot",
            "supercategory": "bird"
        },
        {
            "id": 8,
            "name": "Leopard",
            "supercategory": "animal"
        },
        {
            "id": 9,
            "name": "Cheetah ",
            "supercategory": "animal"
        },
        {
            "id": 10,
            "name": "Hippo ",
            "supercategory": "animal"
        },
        {
            "id": 11,
            "name": "Lion",
            "supercategory": "animal"
        },
        {
            "id": 12,
            "name": "Woodpecker ",
            "supercategory": "bird"
        },
        {
            "id": 13,
            "name": "Antilope",
            "supercategory": "animal"
        },
        {
            "id": 14,
            "name": "Honey badger",
            "supercategory": "animal"
        },
        {
            "id": 15,
            "name": "Hippo",
            "supercategory": "animal"
        },
        {
            "id": 16,
            "name": "Rabbit",
            "supercategory": "animal"
        },
        {
            "id": 17,
            "name": "Frog",
            "supercategory": "animal"
        },
        {
            "id": 18,
            "name": "Cat",
            "supercategory": "animal"
        },
        {
            "id": 19,
            "name": "Dog",
            "supercategory": "animal"
        },
        {
            "id": 20,
            "name": "Snake",
            "supercategory": "animal"
        },
        {
            "id": 21,
            "name": "Tortoise ",
            "supercategory": "animal"
        },
        {
            "id": 22,
            "name": "Cheetah",
            "supercategory": "animal"
        },
        {
            "id": 23,
            "name": "Zebra",
            "supercategory": "animal"
        },
        {
            "id": 24,
            "name": "Girrafe",
            "supercategory": "animal"
        },
        {
            "id": 25,
            "name": "Wolf",
            "supercategory": "animal"
        },
        {
            "id": 26,
            "name": "zebra",
            "supercategory": "animal"
        },
        {
            "id": 27,
            "name": "Land bear",
            "supercategory": "animal"
        },
        {
            "id": 28,
            "name": "Pinguin ",
            "supercategory": "bird"
        },
        {
            "id": 29,
            "name": "Fox",
            "supercategory": "animal"
        },
        {
            "id": 30,
            "name": "Wolf ",
            "supercategory": "animal"
        },
        {
            "id": 31,
            "name": "Pollar bear",
            "supercategory": "animal"
        },
        {
            "id": 32,
            "name": "Leopard ",
            "supercategory": "animal"
        },
        {
            "id": 33,
            "name": "Elephant ",
            "supercategory": "animal"
        },
        {
            "id": 34,
            "name": "Cow",
            "supercategory": "animal"
        },
        {
            "id": 35,
            "name": "Tiger",
            "supercategory": "animal"
        },
        {
            "id": 36,
            "name": "land bear",
            "supercategory": "animal"
        },
        {
            "id": 37,
            "name": "Monkey",
            "supercategory": "animal"
        },
        {
            "id": 38,
            "name": "Peacock",
            "supercategory": "animal"
        },
        {
            "id": 39,
            "name": "Toucan",
            "supercategory": "animal"
        },
        {
            "id": 40,
            "name": "Ostrich ",
            "supercategory": "animal"
        },
        {
            "id": 41,
            "name": "Giraffe",
            "supercategory": "animal"
        },
        {
            "id": 42,
            "name": "Mouse ",
            "supercategory": "animal"
        },
        {
            "id": 43,
            "name": "Bat",
            "supercategory": "animal"
        },
        {
            "id": 44,
            "name": "Pronghorn antelope",
            "supercategory": "animal"
        },
        {
            "id": 45,
            "name": "WOlf",
            "supercategory": "animal"
        },
        {
            "id": 46,
            "name": "Hare ",
            "supercategory": "animal"
        },
        {
            "id": 47,
            "name": "Crocodile ",
            "supercategory": "animal"
        },
        {
            "id": 48,
            "name": "Kingfisher ",
            "supercategory": "animal"
        },
        {
            "id": 49,
            "name": "Kingfisher",
            "supercategory": "animal"
        },
        {
            "id": 50,
            "name": "Buffalo",
            "supercategory": "animal"
        },
        {
            "id": 51,
            "name": "flamingo",
            "supercategory": "animal"
        },
        {
            "id": 52,
            "name": "Crocodile",
            "supercategory": "animal"
        },
        {
            "id": 53,
            "name": "Ostrich",
            "supercategory": "animal"
        },
        {
            "id": 54,
            "name": "Camel",
            "supercategory": "animal"
        },
        {
            "id": 55,
            "name": "Hyna",
            "supercategory": "animal"
        },
        {
            "id": 56,
            "name": "Horse ",
            "supercategory": "animal"
        },
        {
            "id": 57,
            "name": "Mole",
            "supercategory": "animal"
        },
        {
            "id": 58,
            "name": "Racoon ",
            "supercategory": "animal"
        },
        {
            "id": 59,
            "name": "Seal",
            "supercategory": "animal"
        },
        {
            "id": 60,
            "name": "Raccoon ",
            "supercategory": "animal"
        },
        {
            "id": 61,
            "name": "Pigeon ",
            "supercategory": "animal"
        },
        {
            "id": 62,
            "name": "Chameleon ",
            "supercategory": "animal"
        },
        {
            "id": 63,
            "name": "Giraffe ",
            "supercategory": "animal"
        },
        {
            "id": 64,
            "name": "not_defined",
            "supercategory": "animal"
        },
        {
            "id": 65,
            "name": "Seagull",
            "supercategory": "bird"
        },
        {
            "id": 66,
            "name": "Raven",
            "supercategory": "bird"
        },
        {
            "id": 67,
            "name": "Peacock ",
            "supercategory": "bird"
        },
        {
            "id": 68,
            "name": "Pelican ",
            "supercategory": "bird"
        },
        {
            "id": 69,
            "name": "White ibis ",
            "supercategory": "bird"
        },
        {
            "id": 70,
            "name": "Hummingbird ",
            "supercategory": "bird"
        },
        {
            "id": 71,
            "name": "woodpecker ",
            "supercategory": "bird"
        },
        {
            "id": 72,
            "name": "Eagle",
            "supercategory": "bird"
        },
        {
            "id": 73,
            "name": "Hawk",
            "supercategory": "bird"
        },
        {
            "id": 74,
            "name": "Hippo\n",
            "supercategory": "animal"
        },
        {
            "id": 75,
            "name": "Hare",
            "supercategory": "animal"
        },
        {
            "id": 76,
            "name": "Sheep",
            "supercategory": "animal"
        },
        {
            "id": 77,
            "name": "Kangaroo ",
            "supercategory": "animal"
        }
    ]
}