{"_via_settings":{"ui":{"annotation_editor_height":25,"annotation_editor_fontsize":0.8,"leftsidebar_width":18,"image_grid":{"img_height":80,"rshape_fill":"none","rshape_fill_opacity":0.3,"rshape_stroke":"yellow","rshape_stroke_width":2,"show_region_shape":true,"show_image_policy":"all"},"image":{"region_label":"__via_region_id__","region_color":"__via_default_region_color__","region_label_font":"10px Sans","on_image_annotation_editor_placement":"NEAR_REGION"}},"core":{"buffer_size":18,"filepath":{},"default_filepath":""},"project":{"name":"Annotated images dataset"}},"_via_img_metadata":{"image_1.jpeg11956":{"filename":"image_1.jpeg","size":11956,"regions":[{"shape_attributes":{"name":"rect","x":-1,"y":3,"width":77,"height":90},"region_attributes":{"name":"Parrot ","type":"animal"}},{"shape_attributes":{"name":"rect","x":79,"y":0,"width":76,"height":87},"region_attributes":{"name":"Sbake","type":"animal"}},{"shape_attributes":{"name":"rect","x":164,"y":3,"width":48,"height":113},"region_attributes":{"name":"Owl","type":"bird"}},{"shape_attributes":{"name":"rect","x":2,"y":99,"width":64,"height":120},"region_attributes":{"name":"Duck","type":"bird"}},{"shape_attributes":{"name":"rect","x":53,"y":91,"width":114,"height":125},"region_attributes":{"name":"Elephant","type":"animal"}},{"shape_attributes":{"name":"rect","x":175,"y":70,"width":54,"height":152},"region_attributes":{"name":"Chicken","type":"bird"}}],"file_attributes":{"caption":"","public_domain":"no","image_url":""}},"image_2.jpeg19020":{"filename":"image_2.jpeg","size":19020,"regions":[],"file_attributes":{"caption":"","public_domain":"no","image_url":""}},"image_3.jpeg18555":{"filename":"image_3.jpeg","size":18555,"regions":[{"shape_attributes":{"name":"rect","x":2,"y":1,"width":62,"height":92},"region_attributes":{"name":"Parrot","type":"bird"}},{"shape_attributes":{"name":"rect","x":69,"y":1,"width":76,"height":64},"region_attributes":{"name":"Leopard","type":"animal"}},{"shape_attributes":{"name":"rect","x":4,"y":112,"width":69,"height":110},"region_attributes":{"name":"Cheetah ","type":"animal"}},{"shape_attributes":{"name":"rect","x":33,"y":141,"width":115,"height":78},"region_attributes":{"name":"Hippo ","type":"animal"}},{"shape_attributes":{"name":"rect","x":138,"y":0,"width":66,"height":46},"region_attributes":{"name":"Lion","type":"animal"}},{"shape_attributes":{"name":"rect","x":195,"y":0,"width":29,"height":84},"region_attributes":{"name":"Woodpecker ","type":"bird"}},{"shape_attributes":{"name":"rect","x":68,"y":69,"width":97,"height":106},"region_attributes":{"name":"Antilope","type":"animal"}},{"shape_attributes":{"name":"rect","x":152,"y":153,"width":74,"height":70},"region_attributes":{"name":"Honey badger","type":"animal"}},{"shape_attributes":{"name":"rect","x":126,"y":50,"width":69,"height":57},"region_attributes":{"name":"Hippo","type":"animal"}}],"file_attributes":{"caption":"","public_domain":"no","image_url":""}},"image_4.jpeg19903":{"filename":"image_4.jpeg","size":19903,"regions":[],"file_attributes":{"caption":"","public_domain":"no","image_url":""}},"image_5.jpeg18796":{"filename":"image_5.jpeg","size":18796,"regions":[],"file_attributes":{"caption":"","public_domain":"no","image_url":""}},"image_6.jpeg18544":{"filename":"image_6.jpeg","size":18544,"regions":[{"shape_attributes":{"name":"rect","x":1,"y":0,"width":76,"height":69},"region_attributes":{"name":"Rabbit","type":"animal"}},{"shape_attributes":{"name":"rect","x":80,"y":0,"width":72,"height":67},"region_attributes":{"name":"Frog","type":"animal"}},{"shape_attributes":{"name":"rect","x":154,"y":1,"width":73,"height":63},"region_attributes":{"name":"Rabbit","type":"animal"}},{"shape_attributes":{"name":"rect","x":1,"y":71,"width":75,"height":77},"region_attributes":{"name":"Cat","type":"animal"}},{"shape_attributes":{"name":"rect","x":81,"y":70,"width":71,"height":78},"region_attributes":{"name":"Dog","type":"animal"}},{"shape_attributes":{"name":"rect","x":157,"y":69,"width":71,"height":77},"region_attributes":{"name":"Cat","type":"animal"}},{"shape_attributes":{"name":"rect","x":1,"y":155,"width":73,"height":73},"region_attributes":{"name":"Dog","type":"animal"}},{"shape_attributes":{"name":"rect","x":79,"y":155,"width":71,"height":73},"region_attributes":{"name":"Rabbit","type":"animal"}},{"shape_attributes":{"name":"rect","x":159,"y":153,"width":71,"height":72},"region_attributes":{"name":"Frog","type":"animal"}}],"file_attributes":{"caption":"","public_domain":"no","image_url":""}},"image_7.jpg18573":{"filename":"image_7.jpg","size":18573,"regions":[{"shape_attributes":{"name":"rect","x":23,"y":20,"width":190,"height":195},"region_attributes":{"name":"Snake","type":"animal"}}],"file_attributes":{"caption":"","public_domain":"no","image_url":""}},"image_8.jpeg16623":{"filename":"image_8.jpeg","size":16623,"regions":[{"shape_attributes":{"name":"rect","x":7,"y":103,"width":85,"height":125},"region_attributes":{"name":"Dog","type":"animal"}},{"shape_attributes":{"name":"rect","x":72,"y":55,"width":114,"height":170},"region_attributes":{"name":"Cat","type":"animal"}},{"shape_attributes":{"name":"rect","x":161,"y":41,"width":64,"height":107},"region_attributes":{"name":"Dog","type":"animal"}},{"shape_attributes":{"name":"rect","x":85,"y":17,"width":76,"height":39},"region_attributes":{"name":"Dog","type":"animal"}}],"file_attributes":{"caption":"","public_domain":"no","image_url":""}},"image_9.jpg12371":{"filename":"image_9.jpg","size":12371,"regions":[{"shape_attributes":{"name":"rect","x":33,"y":30,"width":181,"height":185},"region_attributes":{"name":"Tortoise ","type":"animal"}}],"file_attributes":{"caption":"","public_domain":"no","image_url":""}},"image_10.jpg12466":{"filename":"image_10.jpg","size":12466,"regions":[{"shape_attributes":{"name":"rect","x":47,"y":23,"width":134,"height":143},"region_attributes":{"name":"Parrot","type":"bird"}}],"file_attributes":{"caption":"","public_domain":"no","image_url":""}},"image_11.jpeg15771":{"filename":"image_11.jpeg","size":15771,"regions":[{"shape_attributes":{"name":"rect","x":93,"y":145,"width":38,"height":51},"region_attributes":{"name":"Leopard","type":"animal"}},{"shape_attributes":{"name":"rect","x":26,"y":145,"width":47,"height":48},"region_attributes":{"name":"Cheetah","type":"animal"}},{"shape_attributes":{"name":"rect","x":51,"y":117,"width":55,"height":57},"region_attributes":{"name":"Zebra","type":"animal"}},{"shape_attributes":{"name":"rect","x":103,"y":85,"width":61,"height":88},"region_attributes":{"name":"Elephant","type":"animal"}},{"shape_attributes":{"name":"rect","x":169,"y":129,"width":54,"height":69},"region_attributes":{"name":"Hippo","type":"animal"}},{"shape_attributes":{"name":"rect","x":35,"y":77,"width":70,"height":49},"region_attributes":{"name":"Girrafe","type":"animal"}}],"file_attributes":{"caption":"","public_domain":"no","image_url":""}},"image_13.jpg13400":{"filename":"image_13.jpg","size":13400,"regions":[{"shape_attributes":{"name":"rect","x":11,"y":8,"width":163,"height":194},"region_attributes":{"name":"Wolf","type":"animal"}}],"file_attributes":{"caption":"","public_domain":"no","image_url":""}},"image_14.jpg14905":{"filename":"image_14.jpg","size":14905,"regions":[{"shape_attributes":{"name":"rect","x":28,"y":31,"width":196,"height":183},"region_attributes":{"name":"zebra","type":"animal"}}],"file_attributes":{"caption":"","public_domain":"no","image_url":""}},"image_15.jpg10843":{"filename":"image_15.jpg","size":10843,"regions":[{"shape_attributes":{"name":"rect","x":29,"y":23,"width":161,"height":165},"region_attributes":{"name":"Land bear","type":"animal"}}],"file_attributes":{"caption":"","public_domain":"no","image_url":""}},"image_16.jpg9036":{"filename":"image_16.jpg","size":9036,"regions":[{"shape_attributes":{"name":"rect","x":134,"y":11,"width":93,"height":201},"region_attributes":{"name":"Pinguin ","type":"bird"}},{"shape_attributes":{"name":"rect","x":91,"y":39,"width":62,"height":137},"region_attributes":{"name":"Pinguin ","type":"bird"}},{"shape_attributes":{"name":"rect","x":37,"y":54,"width":57,"height":127},"region_attributes":{"name":"Pinguin ","type":"bird"}},{"shape_attributes":{"name":"rect","x":1,"y":57,"width":34,"height":120},"region_attributes":{"name":"Pinguin ","type":"bird"}}],"file_attributes":{"caption":"","public_domain":"no","image_url":""}},"image_17.jpg10541":{"filename":"image_17.jpg","size":10541,"regions":[{"shape_attributes":{"name":"rect","x":23,"y":26,"width":164,"height":179},"region_attributes":{"name":"Fox","type":"animal"}}],"file_attributes":{"caption":"","public_domain":"no","image_url":""}},"image_18.jpg11604":{"filename":"image_18.jpg","size":11604,"regions":[{"shape_attributes":{"name":"rect","x":83,"y":41,"width":72,"height":172},"region_attributes":{"name":"Wolf ","type":"animal"}},{"shape_attributes":{"name":"rect","x":159,"y":49,"width":58,"height":147},"region_attributes":{"name":"Wolf","type":"animal"}},{"shape_attributes":{"name":"rect","x":121,"y":15,"width":44,"height":50},"region_attributes":{"name":"Wolf","type":"animal"}}],"file_attributes":{"caption":"","public_domain":"no","image_url":""}},"image_20.jpeg14972":{"filename":"image_20.jpeg","size":14972,"regions":[{"shape_attributes":{"name":"rect","x":1,"y":0,"width":113,"height":74},"region_attributes":{"name":"Pollar bear","type":"animal"}},{"shape_attributes":{"name":"rect","x":118,"y":0,"width":111,"height":75},"region_attributes":{"name":"Leopard ","type":"animal"}},{"shape_attributes":{"name":"rect","x":0,"y":79,"width":111,"height":71},"region_attributes":{"name":"Hippo","type":"animal"}},{"shape_attributes":{"name":"rect","x":117,"y":79,"width":113,"height":71},"region_attributes":{"name":"Elephant ","type":"animal"}},{"shape_attributes":{"name":"rect","x":3,"y":157,"width":111,"height":69},"region_attributes":{"name":"Cow","type":"animal"}},{"shape_attributes":{"name":"rect","x":121,"y":153,"width":107,"height":69},"region_attributes":{"name":"Lion","type":"animal"}}],"file_attributes":{"caption":"","public_domain":"no","image_url":""}},"image_21.jpeg17018":{"filename":"image_21.jpeg","size":17018,"regions":[{"shape_attributes":{"name":"rect","x":12,"y":49,"width":57,"height":159},"region_attributes":{"name":"Lion","type":"animal"}},{"shape_attributes":{"name":"rect","x":99,"y":35,"width":101,"height":177},"region_attributes":{"name":"Tiger","type":"animal"}},{"shape_attributes":{"name":"rect","x":55,"y":5,"width":81,"height":193},"region_attributes":{"name":"land bear","type":"animal"}}],"file_attributes":{"caption":"","public_domain":"no","image_url":""}},"image_22.jpeg17028":{"filename":"image_22.jpeg","size":17028,"regions":[{"shape_attributes":{"name":"rect","x":3,"y":8,"width":98,"height":135},"region_attributes":{"name":"Monkey","type":"animal"}},{"shape_attributes":{"name":"rect","x":13,"y":149,"width":89,"height":73},"region_attributes":{"name":"Lion","type":"animal"}},{"shape_attributes":{"name":"rect","x":105,"y":150,"width":79,"height":72},"region_attributes":{"name":"Leopard ","type":"animal"}},{"shape_attributes":{"name":"rect","x":105,"y":6,"width":81,"height":71},"region_attributes":{"name":"Peacock","type":"animal"}},{"shape_attributes":{"name":"rect","x":191,"y":5,"width":34,"height":72},"region_attributes":{"name":"Parrot","type":"animal"}},{"shape_attributes":{"name":"rect","x":189,"y":82,"width":39,"height":137},"region_attributes":{"name":"Toucan","type":"animal"}}],"file_attributes":{"caption":"","public_domain":"no","image_url":""}},"image_23.jpeg11687":{"filename":"image_23.jpeg","size":11687,"regions":[{"shape_attributes":{"name":"rect","x":34,"y":149,"width":41,"height":53},"region_attributes":{"name":"Zebra","type":"animal"}},{"shape_attributes":{"name":"rect","x":183,"y":153,"width":37,"height":48},"region_attributes":{"name":"Zebra","type":"animal"}},{"shape_attributes":{"name":"rect","x":160,"y":186,"width":26,"height":43},"region_attributes":{"name":"Antilope","type":"animal"}},{"shape_attributes":{"name":"rect","x":91,"y":160,"width":57,"height":50},"region_attributes":{"name":"Zebra","type":"animal"}},{"shape_attributes":{"name":"rect","x":149,"y":149,"width":32,"height":36},"region_attributes":{"name":"Zebra","type":"animal"}},{"shape_attributes":{"name":"rect","x":74,"y":101,"width":52,"height":55},"region_attributes":{"name":"Ostrich ","type":"animal"}},{"shape_attributes":{"name":"rect","x":127,"y":35,"width":65,"height":115},"region_attributes":{"name":"Giraffe","type":"animal"}}],"file_attributes":{"caption":"","public_domain":"no","image_url":""}},"image_25.jpeg20018":{"filename":"image_25.jpeg","size":20018,"regions":[{"shape_attributes":{"name":"rect","x":1,"y":5,"width":53,"height":73},"region_attributes":{"name":"Mouse ","type":"animal"}},{"shape_attributes":{"name":"rect","x":47,"y":58,"width":35,"height":45},"region_attributes":{"name":"Owl","type":"bird"}},{"shape_attributes":{"name":"rect","x":99,"y":7,"width":62,"height":31},"region_attributes":{"name":"Bat","type":"animal"}},{"shape_attributes":{"name":"rect","x":101,"y":83,"width":50,"height":79},"region_attributes":{"name":"Wolf","type":"animal"}},{"shape_attributes":{"name":"rect","x":169,"y":88,"width":59,"height":83},"region_attributes":{"name":"Pronghorn antelope","type":"animal"}},{"shape_attributes":{"name":"rect","x":150,"y":30,"width":45,"height":55},"region_attributes":{"name":"Snake","type":"animal"}},{"shape_attributes":{"name":"rect","x":3,"y":161,"width":56,"height":63},"region_attributes":{"name":"WOlf","type":"animal"}},{"shape_attributes":{"name":"rect","x":60,"y":172,"width":33,"height":55},"region_attributes":{"name":"Hare ","type":"animal"}},{"shape_attributes":{"name":"rect","x":95,"y":166,"width":42,"height":60},"region_attributes":{"name":"Lion","type":"animal"}},{"shape_attributes":{"name":"rect","x":135,"y":161,"width":93,"height":63},"region_attributes":{"name":"Land bear","type":"animal"}},{"shape_attributes":{"name":"rect","x":45,"y":137,"width":78,"height":49},"region_attributes":{"name":"Hippo","type":"animal"}}],"file_attributes":{"caption":"","public_domain":"no","image_url":""}},"image_26.jpg8762":{"filename":"image_26.jpg","size":8762,"regions":[{"shape_attributes":{"name":"rect","x":14,"y":15,"width":198,"height":197},"region_attributes":{"name":"Crocodile ","type":"animal"}}],"file_attributes":{"caption":"","public_domain":"no","image_url":""}},"image_27.jpg14242":{"filename":"image_27.jpg","size":14242,"regions":[{"shape_attributes":{"name":"rect","x":11,"y":13,"width":218,"height":213},"region_attributes":{"name":"Snake","type":"animal"}}],"file_attributes":{"caption":"","public_domain":"no","image_url":""}},"image_28.jpg11914":{"filename":"image_28.jpg","size":11914,"regions":[{"shape_attributes":{"name":"rect","x":69,"y":21,"width":138,"height":197},"region_attributes":{"name":"Elephant ","type":"animal"}}],"file_attributes":{"caption":"","public_domain":"no","image_url":""}},"image_29.jpg10576":{"filename":"image_29.jpg","size":10576,"regions":[{"shape_attributes":{"name":"rect","x":15,"y":9,"width":87,"height":165},"region_attributes":{"name":"Kingfisher ","type":"animal"}},{"shape_attributes":{"name":"rect","x":110,"y":14,"width":106,"height":175},"region_attributes":{"name":"Kingfisher","type":"animal"}}],"file_attributes":{"caption":"","public_domain":"no","image_url":""}},"image_30.jpg16746":{"filename":"image_30.jpg","size":16746,"regions":[{"shape_attributes":{"name":"rect","x":9,"y":19,"width":205,"height":189},"region_attributes":{"name":"Leopard ","type":"animal"}}],"file_attributes":{"caption":"","public_domain":"no","image_url":""}},"image_31.jpg12615":{"filename":"image_31.jpg","size":12615,"regions":[{"shape_attributes":{"name":"rect","x":81,"y":13,"width":137,"height":185},"region_attributes":{"name":"Buffalo","type":"animal"}}],"file_attributes":{"caption":"","public_domain":"no","image_url":""}},"image_32.jpg13225":{"filename":"image_32.jpg","size":13225,"regions":[{"shape_attributes":{"name":"rect","x":59,"y":8,"width":133,"height":207},"region_attributes":{"name":"Giraffe","type":"animal"}}],"file_attributes":{"caption":"","public_domain":"no","image_url":""}},"image_33.jpg13225":{"filename":"image_33.jpg","size":13225,"regions":[{"shape_attributes":{"name":"rect","x":46,"y":11,"width":135,"height":210},"region_attributes":{"name":"Giraffe","type":"animal"}}],"file_attributes":{"caption":"","public_domain":"no","image_url":""}},"image_34.jpg9166":{"filename":"image_34.jpg","size":9166,"regions":[{"shape_attributes":{"name":"rect","x":47,"y":37,"width":91,"height":178},"region_attributes":{"name":"Giraffe","type":"animal"}},{"shape_attributes":{"name":"rect","x":95,"y":53,"width":75,"height":161},"region_attributes":{"name":"Giraffe","type":"animal"}}],"file_attributes":{"caption":"","public_domain":"no","image_url":""}},"image_35.jpeg15633":{"filename":"image_35.jpeg","size":15633,"regions":[{"shape_attributes":{"name":"rect","x":1,"y":4,"width":41,"height":73},"region_attributes":{"name":"Elephant","type":"animal"}},{"shape_attributes":{"name":"rect","x":47,"y":3,"width":49,"height":72},"region_attributes":{"name":"Lion","type":"animal"}},{"shape_attributes":{"name":"rect","x":99,"y":6,"width":25,"height":60},"region_attributes":{"name":"flamingo","type":"animal"}},{"shape_attributes":{"name":"rect","x":127,"y":5,"width":86,"height":41},"region_attributes":{"name":"Crocodile","type":"animal"}},{"shape_attributes":{"name":"rect","x":162,"y":34,"width":51,"height":47},"region_attributes":{"name":"Leopard ","type":"animal"}},{"shape_attributes":{"name":"rect","x":3,"y":81,"width":59,"height":62},"region_attributes":{"name":"Buffalo","type":"animal"}},{"shape_attributes":{"name":"rect","x":76,"y":59,"width":33,"height":78},"region_attributes":{"name":"Ostrich","type":"animal"}},{"shape_attributes":{"name":"rect","x":111,"y":62,"width":55,"height":70},"region_attributes":{"name":"Camel","type":"animal"}},{"shape_attributes":{"name":"rect","x":2,"y":123,"width":25,"height":83},"region_attributes":{"name":"Giraffe","type":"animal"}},{"shape_attributes":{"name":"rect","x":36,"y":151,"width":83,"height":55},"region_attributes":{"name":"Hippo","type":"animal"}},{"shape_attributes":{"name":"rect","x":62,"y":103,"width":26,"height":40},"region_attributes":{"name":"Snake","type":"animal"}},{"shape_attributes":{"name":"rect","x":171,"y":83,"width":43,"height":62},"region_attributes":{"name":"Hyna","type":"animal"}},{"shape_attributes":{"name":"rect","x":172,"y":153,"width":49,"height":57},"region_attributes":{"name":"Monkey","type":"animal"}},{"shape_attributes":{"name":"rect","x":117,"y":139,"width":49,"height":69},"region_attributes":{"name":"Horse ","type":"animal"}}],"file_attributes":{"caption":"","public_domain":"no","image_url":""}},"image_36.jpeg13242":{"filename":"image_36.jpeg","size":13242,"regions":[{"shape_attributes":{"name":"rect","x":54,"y":115,"width":59,"height":113},"region_attributes":{"name":"Mole","type":"animal"}},{"shape_attributes":{"name":"rect","x":114,"y":43,"width":107,"height":112},"region_attributes":{"name":"Racoon ","type":"animal"}},{"shape_attributes":{"name":"rect","x":2,"y":0,"width":109,"height":112},"region_attributes":{"name":"Seal","type":"animal"}},{"shape_attributes":{"name":"rect","x":0,"y":118,"width":52,"height":110},"region_attributes":{"name":"Raccoon ","type":"animal"}}],"file_attributes":{"caption":"","public_domain":"no","image_url":""}},"image_37.jpg8644":{"filename":"image_37.jpg","size":8644,"regions":[{"shape_attributes":{"name":"rect","x":60,"y":21,"width":167,"height":173},"region_attributes":{"name":"Elephant","type":"animal"}},{"shape_attributes":{"name":"rect","x":1,"y":91,"width":104,"height":127},"region_attributes":{"name":"Elephant","type":"animal"}}],"file_attributes":{"caption":"","public_domain":"no","image_url":""}},"image_38.jpg11440":{"filename":"image_38.jpg","size":11440,"regions":[{"shape_attributes":{"name":"rect","x":26,"y":9,"width":83,"height":139},"region_attributes":{"name":"Parrot ","type":"animal"}},{"shape_attributes":{"name":"rect","x":93,"y":16,"width":109,"height":156},"region_attributes":{"name":"Parrot ","type":"animal"}}],"file_attributes":{"caption":"","public_domain":"no","image_url":""}},"image_39.jpg8718":{"filename":"image_39.jpg","size":8718,"regions":[{"shape_attributes":{"name":"rect","x":35,"y":14,"width":178,"height":186},"region_attributes":{"name":"Pigeon ","type":"animal"}}],"file_attributes":{"caption":"","public_domain":"no","image_url":""}},"image_40.jpg10900":{"filename":"image_40.jpg","size":10900,"regions":[{"shape_attributes":{"name":"rect","x":33,"y":15,"width":173,"height":195},"region_attributes":{"name":"Dog","type":"animal"}}],"file_attributes":{"caption":"","public_domain":"no","image_url":""}},"image_41.jpeg14954":{"filename":"image_41.jpeg","size":14954,"regions":[{"shape_attributes":{"name":"rect","x":2,"y":3,"width":21,"height":99},"region_attributes":{"name":"Parrot ","type":"animal"}},{"shape_attributes":{"name":"rect","x":45,"y":1,"width":115,"height":66},"region_attributes":{"name":"Tiger","type":"animal"}},{"shape_attributes":{"name":"rect","x":19,"y":146,"width":147,"height":82},"region_attributes":{"name":"Hippo","type":"animal"}},{"shape_attributes":{"name":"rect","x":3,"y":86,"width":62,"height":54},"region_attributes":{"name":"Chameleon ","type":"animal"}},{"shape_attributes":{"name":"rect","x":63,"y":65,"width":123,"height":153},"region_attributes":{"name":"Giraffe ","type":"animal"}},{"shape_attributes":{"name":"rect","x":163,"y":1,"width":63,"height":54},"region_attributes":{"name":"not_defined","type":"animal"}},{"shape_attributes":{"name":"rect","x":127,"y":50,"width":102,"height":65},"region_attributes":{"name":"not_defined","type":"animal"}},{"shape_attributes":{"name":"rect","x":178,"y":152,"width":49,"height":75},"region_attributes":{"name":"not_defined","type":"animal"}}],"file_attributes":{"caption":"","public_domain":"no","image_url":""}},"image_45.jpg26396":{"filename":"image_45.jpg","size":26396,"regions":[{"shape_attributes":{"name":"rect","x":13,"y":21,"width":210,"height":199},"region_attributes":{"name":"Snake","type":"animal"}}],"file_attributes":{"caption":"","public_domain":"no","image_url":""}},"image_46.jpg18885":{"filename":"image_46.jpg","size":18885,"regions":[{"shape_attributes":{"name":"rect","x":32,"y":9,"width":176,"height":185},"region_attributes":{"name":"Pigeon ","type":"bird"}}],"file_attributes":{"caption":"","public_domain":"no","image_url":""}},"image_47.jpg30219":{"filename":"image_47.jpg","size":30219,"regions":[{"shape_attributes":{"name":"rect","x":115,"y":1,"width":105,"height":70},"region_attributes":{"name":"Chicken","type":"bird"}},{"shape_attributes":{"name":"rect","x":1,"y":73,"width":106,"height":73},"region_attributes":{"name":"Duck","type":"bird"}},{"shape_attributes":{"name":"rect","x":115,"y":150,"width":106,"height":71},"region_attributes":{"name":"Seagull","type":"bird"}},{"shape_attributes":{"name":"rect","x":112,"y":74,"width":111,"height":69},"region_attributes":{"name":"Parrot","type":"bird"}},{"shape_attributes":{"name":"rect","x":1,"y":155,"width":107,"height":66},"region_attributes":{"name":"Raven","type":"bird"}},{"shape_attributes":{"name":"rect","x":1,"y":0,"width":110,"height":67},"region_attributes":{"name":"Peacock ","type":"bird"}}],"file_attributes":{"caption":"","public_domain":"no","image_url":""}},"image_48.jpg20826":{"filename":"image_48.jpg","size":20826,"regions":[{"shape_attributes":{"name":"rect","x":1,"y":1,"width":73,"height":108},"region_attributes":{"name":"Pelican ","type":"bird"}},{"shape_attributes":{"name":"rect","x":1,"y":115,"width":71,"height":106},"region_attributes":{"name":"White ibis ","type":"bird"}},{"shape_attributes":{"name":"rect","x":76,"y":1,"width":69,"height":114},"region_attributes":{"name":"Hummingbird ","type":"bird"}},{"shape_attributes":{"name":"rect","x":150,"y":1,"width":69,"height":112},"region_attributes":{"name":"woodpecker ","type":"bird"}},{"shape_attributes":{"name":"rect","x":76,"y":119,"width":69,"height":100},"region_attributes":{"name":"Eagle","type":"bird"}},{"shape_attributes":{"name":"rect","x":149,"y":118,"width":72,"height":103},"region_attributes":{"name":"Hawk","type":"bird"}}],"file_attributes":{"caption":"","public_domain":"no","image_url":""}},"image_50.jpg25580":{"filename":"image_50.jpg","size":25580,"regions":[{"shape_attributes":{"name":"rect","x":15,"y":49,"width":101,"height":165},"region_attributes":{"name":"Hippo","type":"animal"}},{"shape_attributes":{"name":"rect","x":117,"y":34,"width":94,"height":182},"region_attributes":{"name":"Hippo\n","type":"animal"}}],"file_attributes":{"caption":"","public_domain":"no","image_url":""}},"image_52.jpg25532":{"filename":"image_52.jpg","size":25532,"regions":[{"shape_attributes":{"name":"rect","x":39,"y":13,"width":155,"height":188},"region_attributes":{"name":"Monkey","type":"animal"}}],"file_attributes":{"caption":"","public_domain":"no","image_url":""}},"image_53.jpg27502":{"filename":"image_53.jpg","size":27502,"regions":[{"shape_attributes":{"name":"rect","x":18,"y":11,"width":171,"height":159},"region_attributes":{"name":"Raccoon ","type":"animal"}}],"file_attributes":{"caption":"","public_domain":"no","image_url":""}},"image_54.jpg31015":{"filename":"image_54.jpg","size":31015,"regions":[{"shape_attributes":{"name":"rect","x":155,"y":64,"width":68,"height":153},"region_attributes":{"name":"Hare","type":"animal"}},{"shape_attributes":{"name":"rect","x":106,"y":85,"width":57,"height":136},"region_attributes":{"name":"Cat","type":"animal"}},{"shape_attributes":{"name":"rect","x":43,"y":56,"width":68,"height":152},"region_attributes":{"name":"Cow","type":"animal"}},{"shape_attributes":{"name":"rect","x":1,"y":98,"width":64,"height":119},"region_attributes":{"name":"Sheep","type":"animal"}}],"file_attributes":{"caption":"","public_domain":"no","image_url":""}},"image_56.jpg24980":{"filename":"image_56.jpg","size":24980,"regions":[{"shape_attributes":{"name":"rect","x":11,"y":7,"width":209,"height":209},"region_attributes":{"name":"Kangaroo ","type":"animal"}}],"file_attributes":{"caption":"","public_domain":"no","image_url":""}}},"_via_attributes":{"region":{"name":{"type":"text","description":"Name of the object","default_value":"not_defined"},"type":{"type":"dropdown","description":"Category of object","options":{"bird":"Bird","human":"Human","cup":"Cup (object)","unknown":"Unknown (object)","animal":"Animal"},"default_options":{"animal":true}}},"file":{"caption":{"type":"text","description":"","default_value":""},"public_domain":{"type":"radio","description":"","options":{"yes":"Yes","no":"No"},"default_options":{"no":true}},"image_url":{"type":"text","description":"","default_value":""}}},"_via_data_format_version":"2.0.10","_via_image_id_list":["image_1.jpeg11956","image_2.jpeg19020","image_3.jpeg18555","image_4.jpeg19903","image_5.jpeg18796","image_6.jpeg18544","image_7.jpg18573","image_8.jpeg16623","image_9.jpg12371","image_10.jpg12466","image_11.jpeg15771","image_13.jpg13400","image_14.jpg14905","image_15.jpg10843","image_16.jpg9036","image_17.jpg10541","image_18.jpg11604","image_20.jpeg14972","image_21.jpeg17018","image_22.jpeg17028","image_23.jpeg11687","image_25.jpeg20018","image_26.jpg8762","image_27.jpg14242","image_28.jpg11914","image_29.jpg10576","image_30.jpg16746","image_31.jpg12615","image_32.jpg13225","image_33.jpg13225","image_34.jpg9166","image_35.jpeg15633","image_36.jpeg13242","image_37.jpg8644","image_38.jpg11440","image_39.jpg8718","image_40.jpg10900","image_41.jpeg14954","image_45.jpg26396","image_46.jpg18885","image_47.jpg30219","image_48.jpg20826","image_50.jpg25580","image_52.jpg25532","image_53.jpg27502","image_54.jpg31015","image_56.jpg24980"]}